<?xml version='1.0' encoding='UTF-8'?>
<package installOnlyAtStartup="false" uuid="nao_sim11_dialog-36cf63" version="0.0.0">
 <names>
  <name lang="en_US">Untitled</name>
 </names>
 <supportedLanguages>
  <language>en_US</language>
 </supportedLanguages>
 <descriptionLanguages>
  <language>en_US</language>
 </descriptionLanguages>
 <contents>
  <behaviorContent path="behavior_1">
   <userRequestable/>
   <nature>interactive</nature>
   <permissions/>
  </behaviorContent>
 </contents>
</package>
